{"cameraMode":{"drawMode":0,"name":"Shaded","section":"Shading Mode"},"sceneLighting":true,"audioPlay":false,"sceneViewState":{"m_AlwaysRefresh":false,"showFog":true,"showSkybox":true,"showFlares":true,"showImageEffects":true,"showParticleSystems":true,"showVisualEffectGraphs":true,"m_FxEnabled":true},"in2DMode":false,"pivot":{"x":-20.1795597076416,"y":0.9170328378677368,"z":2.1264877319335939},"rotation":{"x":-0.003223583335056901,"y":0.9857930541038513,"z":-0.019037369638681413,"w":-0.16688378155231477},"size":0.3929659426212311,"orthographic":false}