{"cameraMode":{"drawMode":0,"name":"Shaded","section":"Shading Mode"},"sceneLighting":true,"audioPlay":false,"sceneViewState":{"m_AlwaysRefresh":false,"showFog":true,"showSkybox":true,"showFlares":true,"showImageEffects":true,"showParticleSystems":true,"showVisualEffectGraphs":true,"m_FxEnabled":true},"in2DMode":false,"pivot":{"x":442.19940185546877,"y":164.9995880126953,"z":-183.852783203125},"rotation":{"x":-0.11255733668804169,"y":-0.015799857676029207,"z":0.0017923952545970679,"w":-0.9935252070426941},"size":474.1293640136719,"orthographic":false}